{
  "i18n/i18n.properties": 1720538285315,
  "manifest.json": 1722364014004,
  "ext/controller/ListReportExt.js": 1721834085957,
  "Component.js": 1721748267553,
  "ext/controller/ListReportExt-dbg.js": 1721834085957,
  "ext/controller/ListReportExt.js.map": 1722364014140,
  "Component-dbg.js": 1721748267553,
  "Component.js.map": 1722364014134,
  "Component-preload.js": 1722364014340,
  "Component-preload.js.map": 1722364014340,
  "ext/fragments/AddBranch.fragment.xml": 1721748255097,
  "index.html": 1720538268775
}