{
  "controller/App.controller.js": 1719241146175,
  "model/models.js": 1719241146163,
  "controller/SmartControls.controller.js": 1719933249954,
  "controller/Home.controller.js": 1719933271333,
  "controller/CompleteStudentInformation.controller.js": 1719931720115,
  "i18n/i18n.properties": 1719241165339,
  "manifest.json": 1722364010368,
  "Component.js": 1719764047687,
  "model/models-dbg.js": 1719241146163,
  "model/models.js.map": 1722364010560,
  "controller/SmartControls-dbg.controller.js": 1719933249954,
  "controller/SmartControls.controller.js.map": 1722364010560,
  "controller/Home-dbg.controller.js": 1719933271333,
  "controller/Home.controller.js.map": 1722364010568,
  "controller/CompleteStudentInformation-dbg.controller.js": 1719931720115,
  "controller/CompleteStudentInformation.controller.js.map": 1722364010571,
  "controller/App-dbg.controller.js": 1719241146175,
  "controller/App.controller.js.map": 1722364010561,
  "Component-dbg.js": 1719764047687,
  "Component.js.map": 1722364010565,
  "Component-preload.js": 1722364010848,
  "Component-preload.js.map": 1722364010848,
  "view/SmartControls.view.xml": 1719933954780,
  "view/Home.view.xml": 1719933129960,
  "view/CompleteStudentInformation.view.xml": 1719583464679,
  "view/App.view.xml": 1719241146175,
  "css/style.css": 1719241146175,
  "index.html": 1719241146155
}